{
  "project_info": {
    "project_number": "558317622701",
    "project_id": "life-plus-72ea7",
    "storage_bucket": "life-plus-72ea7.appspot.com"
  },
  "client": [
    {
      "client_info": {
        "mobilesdk_app_id": "1:558317622701:android:48d2dd70b22f8a80efbd24",
        "android_client_info": {
          "package_name": "com.company.lifeplus"
        }
      },
      "oauth_client": [],
      "api_key": [
        {
          "current_key": "AIzaSyBmIjsTuCKId_JQfVNlm5uQSSBs-DHEbAg"
        }
      ],
      "services": {
        "appinvite_service": {
          "other_platform_oauth_client": []
        }
      }
    }
  ],
  "configuration_version": "1"
}